Product ID,Product Name,Product Description,Category,Price (USD),Rating,Review ID,Reviewer Name,Review Text
1,Laptop,"Powerful laptop with a sleek design, ideal for both work and entertainment",Electronics,999.99,4.5,1,John Doe,"I absolutely love my new laptop! It's super fast and the battery life is amazing."
1,Laptop,"Powerful laptop with a sleek design, ideal for both work and entertainment",Electronics,999.99,4.5,2,Alice Smith,"Great value for money. The laptop performs well and is perfect for both work and entertainment."
1,Laptop,"Powerful laptop with a sleek design, ideal for both work and entertainment",Electronics,999.99,4.5,3,Emily Johnson,"The design is sleek and modern. However, the trackpad could be more responsive."
2,Smartphone,"High-performance smartphone with a stunning display and long battery life",Electronics,799.99,4.3,4,Michael Brown,"This smartphone has an excellent camera and the battery life is impressive."
2,Smartphone,"High-performance smartphone with a stunning display and long battery life",Electronics,799.99,4.3,5,Sarah Wilson,"I'm very satisfied with my purchase. The phone's performance is smooth and it has a beautiful display."
2,Smartphone,"High-performance smartphone with a stunning display and long battery life",Electronics,799.99,4.3,6,David Martinez,"The software experience could be better. I've encountered some glitches while using certain apps."
3,Headphones,"Premium headphones with noise cancellation feature and ergonomic design",Electronics,199.99,4.6,7,Emma Taylor,"These headphones provide excellent sound quality and are very comfortable to wear for long periods."
3,Headphones,"Premium headphones with noise cancellation feature and ergonomic design",Electronics,199.99,4.6,8,Noah Garcia,"The noise cancellation feature works like a charm. I can finally enjoy my music without any distractions."
3,Headphones,"Premium headphones with noise cancellation feature and ergonomic design",Electronics,199.99,4.6,9,Ava Anderson,"The build quality is not as durable as I expected. One of the ear cups started to crack after a few months of use."
4,Fitness Tracker,"Advanced fitness tracker with heart rate monitoring and activity tracking",Electronics,129.99,4.4,10,Liam Wilson,"I love how this fitness tracker helps me stay motivated to reach my fitness goals. The app interface is user-friendly."
4,Fitness Tracker,"Advanced fitness tracker with heart rate monitoring and activity tracking",Electronics,129.99,4.4,11,Ella Thompson,"Accurate tracking of steps and heart rate. The battery life is impressive as well."
4,Fitness Tracker,"Advanced fitness tracker with heart rate monitoring and activity tracking",Electronics,129.99,4.4,12,Mason Lee,"The band feels a bit uncomfortable during intense workouts. It tends to irritate my skin."
5,Coffee Machine,"Automatic coffee machine with multiple brewing options and programmable settings",Appliances,149.99,4.7,13,Olivia Hernandez,"Makes delicious coffee with just the push of a button. It's become an essential part of my morning routine."
5,Coffee Machine,"Automatic coffee machine with multiple brewing options and programmable settings",Appliances,149.99,4.7,14,William Perez,"Easy to use and clean. The adjustable settings allow me to customize my coffee just the way I like it."
5,Coffee Machine,"Automatic coffee machine with multiple brewing options and programmable settings",Appliances,149.99,4.7,15,Sophia King,"The machine is a bit noisy, especially when brewing multiple cups consecutively."
6,Smart Speaker,"Voice-controlled smart speaker with built-in virtual assistant",Electronics,129.99,4.4,16,Ethan Rivera,"This smart speaker has excellent sound quality and the voice recognition is very responsive."
6,Smart Speaker,"Voice-controlled smart speaker with built-in virtual assistant",Electronics,129.99,4.4,17,Isabella Scott,"I love being able to control my smart home devices with just my voice. It's so convenient!"
6,Smart Speaker,"Voice-controlled smart speaker with built-in virtual assistant",Electronics,129.99,4.4,18,Aiden Green,"The speaker could have more bass for better music playback, but overall, it's a great addition to my home."
7,Electric Toothbrush,"Rechargeable electric toothbrush with multiple brushing modes",Health & Personal Care,49.99,4.6,19,Mia Martinez,"My teeth have never felt cleaner since using this electric toothbrush. The built-in timer ensures I brush for the recommended time."
7,Electric Toothbrush,"Rechargeable electric toothbrush with multiple brushing modes",Health & Personal Care,49.99,4.6,20,Lucas Brown,"The different brushing modes cater to my dental needs. I've noticed a significant improvement in my oral hygiene."
7,Electric Toothbrush,"Rechargeable electric toothbrush with multiple brushing modes",Health & Personal Care,49.99,4.6,21,Ella Nguyen,"The battery life could be better. I find myself having to recharge it more frequently than I'd like."
8,Portable Charger,"Compact portable charger with fast-charging technology",Electronics,29.99,4.3,22,James Rodriguez,"This portable charger is a lifesaver when I'm on the go. It charges my devices quickly and has a large capacity."
8,Portable Charger,"Compact portable charger with fast-charging technology",Electronics,29.99,4.3,23,Charlotte Taylor,"Compact design makes it easy to carry in my bag. It's been reliable during my travels."
8,Portable Charger,"Compact portable charger with fast-charging technology",Electronics,29.99,4.3,24,Aaron Flores,"The charging cable that comes with it feels flimsy. I ended up using my own cable for better durability."
Product ID,Product Name,Product Description,Category,Price (USD),Rating,Review ID,Reviewer Name,Review Text
9,Air Purifier,"High-efficiency air purifier with HEPA filter for cleaner indoor air",Home & Kitchen,199.99,4.8,25,Harper Adams,"Noticeable improvement in air quality since using this air purifier. It's helped alleviate my allergies."
9,Air Purifier,"High-efficiency air purifier with HEPA filter for cleaner indoor air",Home & Kitchen,199.99,4.8,26,Evelyn Martinez,"Whisper-quiet operation makes it suitable for use even in my bedroom at night. I hardly notice it's running."
9,Air Purifier,"High-efficiency air purifier with HEPA filter for cleaner indoor air",Home & Kitchen,199.99,4.8,27,Nathan Thompson,"The filter replacement process is a bit cumbersome. It would be great if it were easier to change."
10,Robot Vacuum Cleaner,"Intelligent robot vacuum cleaner with advanced mapping technology",Home & Kitchen,299.99,4.5,28,Henry Parker,"Effortless cleaning with this robot vacuum. It navigates around furniture and obstacles with ease."
10,Robot Vacuum Cleaner,"Intelligent robot vacuum cleaner with advanced mapping technology",Home & Kitchen,299.99,4.5,29,Luna Garcia,"The mapping feature is a game-changer. I can schedule cleaning sessions for specific areas of my home."
10,Robot Vacuum Cleaner,"Intelligent robot vacuum cleaner with advanced mapping technology",Home & Kitchen,299.99,4.5,30,Oscar Nguyen,"Sometimes gets stuck on rugs or cords, but overall, it saves me a lot of time and effort in cleaning."
11,Blender,"High-powered blender with multiple speed settings and durable blades",Appliances,79.99,4.2,31,Amelia White,"This blender is great for making smoothies and soups. It blends ingredients evenly and quickly."
11,Blender,"High-powered blender with multiple speed settings and durable blades",Appliances,79.99,4.2,32,Nicholas Lewis,"The build quality is solid and the blender feels sturdy on the countertop. It's also easy to clean."
11,Blender,"High-powered blender with multiple speed settings and durable blades",Appliances,79.99,4.2,33,Sofia Lee,"The lid can be a bit difficult to remove sometimes, but overall, I'm happy with its performance."
12,Wireless Earbuds,"True wireless earbuds with Bluetooth connectivity and long battery life",Electronics,129.99,4.6,34,Logan Harris,"The sound quality is impressive for such small earbuds. They stay connected even at a distance."
12,Wireless Earbuds,"True wireless earbuds with Bluetooth connectivity and long battery life",Electronics,129.99,4.6,35,Victoria Clark,"Comfortable to wear for extended periods. They fit snugly in my ears without causing discomfort."
12,Wireless Earbuds,"True wireless earbuds with Bluetooth connectivity and long battery life",Electronics,129.99,4.6,36,Leo Adams,"The touch controls are intuitive and responsive. I can easily skip tracks and adjust volume on the go."
13,Electric Kettle,"Stainless steel electric kettle with rapid boil technology",Appliances,39.99,4.4,37,Mila Thompson,"Boils water quickly and efficiently. Perfect for making tea or coffee in the morning."
13,Electric Kettle,"Stainless steel electric kettle with rapid boil technology",Appliances,39.99,4.4,38,Nolan Garcia,"The automatic shutoff feature gives me peace of mind. I don't have to worry about leaving it unattended."
13,Electric Kettle,"Stainless steel electric kettle with rapid boil technology",Appliances,39.99,4.4,39,Chloe Nguyen,"The handle could be more ergonomic. It feels a bit uncomfortable to hold when the kettle is full."
14,Smartwatch,"Feature-rich smartwatch with fitness tracking and notification alerts",Electronics,199.99,4.7,40,Avery Hernandez,"I love the sleek design of this smartwatch. It looks great whether I'm working out or going out."
14,Smartwatch,"Feature-rich smartwatch with fitness tracking and notification alerts",Electronics,199.99,4.7,41,Elliot Smith,"Accurate fitness tracking and heart rate monitoring. It helps me stay on top of my health goals."
14,Smartwatch,"Feature-rich smartwatch with fitness tracking and notification alerts",Electronics,199.99,4.7,42,Harper Johnson,"The battery life is impressive. I only need to charge it every few days even with regular use."
15,Desktop Computer,"High-performance desktop computer with fast processor and ample storage",Electronics,1499.99,4.5,43,Oliver Wilson,"Handles demanding tasks with ease. Perfect for gaming and graphic design."
15,Desktop Computer,"High-performance desktop computer with fast processor and ample storage",Electronics,1499.99,4.5,44,Aria Martinez,"Plenty of storage space for all my files and applications. The SSD ensures fast boot times."
15,Desktop Computer,"High-performance desktop computer with fast processor and ample storage",Electronics,1499.99,4.5,45,Landon Thompson,"The cooling system keeps the computer running smoothly even during long gaming sessions."
16,Wireless Router,"Dual-band wireless router with high-speed Wi-Fi connectivity",Electronics,79.99,4.3,46,Charlie Brown,"Provides reliable Wi-Fi coverage throughout my home. I haven't experienced any dead zones."
16,Wireless Router,"Dual-band wireless router with high-speed Wi-Fi connectivity",Electronics,79.99,4.3,47,Riley Garcia,"Easy to set up and configure. I was up and running in just a few minutes."
16,Wireless Router,"Dual-band wireless router with high-speed Wi-Fi connectivity",Electronics,79.99,4.3,48,Skyler Nguyen,"The range could be better, especially in larger homes. I notice some drop-offs in signal strength."
17,External Hard Drive,"Portable external hard drive with high-capacity storage",Electronics,129.99,4.6,49,Quinn Hernandez,"Plenty of storage space for backing up all my important files. The transfer speeds are impressive."
17,External Hard Drive,"Portable external hard drive with high-capacity storage",Electronics,129.99,4.6,50,Hazel Thompson,"Compact and lightweight design makes it easy to carry in my laptop bag. I can take it with me wherever I go."
17,External Hard Drive,"Portable external hard drive with high-capacity storage",Electronics,129.99,4.6,51,Rory Martinez,"I've had no issues with compatibility. It works seamlessly with both my PC and Mac."
18,Digital Camera,"Compact digital camera with high-resolution sensor and zoom lens",Electronics,399.99,4.4,52,Rowan Wilson,"Takes stunning photos with vibrant colors and sharp details. Perfect for capturing special moments."
18,Digital Camera,"Compact digital camera with high-resolution sensor and zoom lens",Electronics,399.99,4.4,53,Payton Adams,"The zoom lens allows me to capture distant subjects with clarity. It's great for wildlife photography."
18,Digital Camera,"Compact digital camera with high-resolution sensor and zoom lens",Electronics,399.99,4.4,54,Jade Garcia,"The camera is easy to use, even for beginners. I love experimenting with different settings and modes."
19,Tablet,"Versatile tablet with touchscreen display and long battery life",Electronics,299.99,4.7,55,Emerson Hernandez,"The touchscreen display is responsive and vibrant. Watching movies and browsing the web is a joy."
19,Tablet,"Versatile tablet with touchscreen display and long battery life",Electronics,299.99,4.7,56,Alexis Thompson,"The battery life is impressive. I can use it for hours without needing to recharge."
19,Tablet,"Versatile tablet with touchscreen display and long battery life",Electronics,299.99,4.7,57,Cameron Nguyen,"I use it for both work and entertainment. It's lightweight and portable, perfect for on-the-go use."
20,Portable Bluetooth Speaker,"Compact Bluetooth speaker with powerful sound output",Electronics,49.99,4.2,58,Kai Martinez,"Surprisingly loud for its size. Great for listening to music outdoors or at parties."
20,Portable Bluetooth Speaker,"Compact Bluetooth speaker with powerful sound output",Electronics,49.99,4.2,59,Finley Adams,"The battery life is decent. It lasts several hours on a single charge, which is sufficient for my needs."
20,Portable Bluetooth Speaker,"Compact Bluetooth speaker with powerful sound output",Electronics,49.99,4.2,60,Parker Thompson,"Pairs easily with my smartphone. I can stream music from my favorite apps with no hassle."
21,Gaming Console,"Next-gen gaming console with immersive graphics and online multiplayer",Electronics,499.99,4.8,61,Harmony Hernandez,"The graphics are stunning, especially on a 4K TV. The gameplay feels smooth and responsive."
21,Gaming Console,"Next-gen gaming console with immersive graphics and online multiplayer",Electronics,499.99,4.8,62,Elias Wilson,"I love the variety of games available. There's something for every type of gamer."
21,Gaming Console,"Next-gen gaming console with immersive graphics and online multiplayer",Electronics,499.99,4.8,63,Ellis Thompson,"The online multiplayer experience is top-notch. I've had no issues with lag or connectivity."
22,Bluetooth Headphones,"Wireless headphones with noise cancellation feature and long battery life",Electronics,149.99,4.5,64,Kendall Martinez,"The noise cancellation feature works like a charm. It blocks out ambient noise so I can focus on my music."
22,Bluetooth Headphones,"Wireless headphones with noise cancellation feature and long battery life",Electronics,149.99,4.5,65,Camryn Adams,"Comfortable to wear for extended periods. The ear cushions are soft and plush."
22,Bluetooth Headphones,"Wireless headphones with noise cancellation feature and long battery life",Electronics,149.99,4.5,66,Morgan Hernandez,"The sound quality is excellent. I can hear every detail in my music, even at low volumes."
23,Wireless Mouse,"Wireless mouse with ergonomic design and precise tracking",Electronics,29.99,4.3,67,Charlie Wilson,"The ergonomic design reduces wrist strain during long hours of use. It's comfortable to hold."
23,Wireless Mouse,"Wireless mouse with ergonomic design and precise tracking",Electronics,29.99,4.3,68,Hayden Thompson,"The tracking is accurate on various surfaces. I haven't experienced any issues with cursor movement."
23,Wireless Mouse,"Wireless mouse with ergonomic design and precise tracking",Electronics,29.99,4.3,69,Bailey Nguyen,"The battery life is impressive. I've been using it for weeks without needing to replace the batteries."
24,External Monitor,"High-resolution external monitor with IPS display for vivid colors",Electronics,299.99,4.6,70,Peyton Hernandez,"The display is sharp and vibrant. Watching movies and playing games is a joy on this monitor."
24,External Monitor,"High-resolution external monitor with IPS display for vivid colors",Electronics,299.99,4.6,71,Harley Wilson,"Easy to set up and configure. It connects seamlessly with my laptop."
24,External Monitor,"High-resolution external monitor with IPS display for vivid colors",Electronics,299.99,4.6,72,Harper Thompson,"The slim bezels give it a modern look. It's perfect for a multi-monitor setup."
25,Wireless Keyboard,"Wireless keyboard with full-sized layout and quiet keys",Electronics,49.99,4.4,73,Alexis Hernandez,"The keys are responsive and have a satisfying tactile feel. Typing on this keyboard is a pleasure."
25,Wireless Keyboard,"Wireless keyboard with full-sized layout and quiet keys",Electronics,49.99,4.4,74,Cameron Wilson,"The wireless range is impressive. I can type from across the room without any lag or connectivity issues."
25,Wireless Keyboard,"Wireless keyboard with full-sized layout and quiet keys",Electronics,49.99,4.4,75,Hunter Thompson,"The battery life is excellent. I've been using it for months and haven't had to replace the batteries yet."
26,Home Security Camera,"Wireless home security camera with motion detection and night vision",Electronics,99.99,4.7,76,Logan Hernandez,"Easy to set up and configure. I had it up and running in just a few minutes."
26,Home Security Camera,"Wireless home security camera with motion detection and night vision",Electronics,99.99,4.7,77,Reese Wilson,"The motion detection alerts are handy. I get notifications on my phone whenever there's activity detected."
26,Home Security Camera,"Wireless home security camera with motion detection and night vision",Electronics,99.99,4.7,78,Spencer Thompson,"The night vision works well even in complete darkness. I can see clearly up to 30 feet away."
27,Bluetooth Car Adapter,"Bluetooth car adapter with hands-free calling and FM transmitter",Electronics,29.99,4.2,79,Harley Hernandez,"Pairs easily with my smartphone. I can stream music and take calls while driving."
27,Bluetooth Car Adapter,"Bluetooth car adapter with hands-free calling and FM transmitter",Electronics,29.99,4.2,80,Quinn Wilson,"The FM transmitter works well. I can tune in to my favorite radio stations without any interference."
27,Bluetooth Car Adapter,"Bluetooth car adapter with hands-free calling and FM transmitter",Electronics,29.99,4.2,81,Rowan Thompson,"The call quality is clear and crisp. I haven't had any issues with dropped calls or static."
28,Wireless Charging Pad,"Qi-compatible wireless charging pad for smartphones and other devices",Electronics,19.99,4.5,82,Kai Hernandez,"Charges my smartphone quickly without the hassle of cables. It's convenient to just place my phone on the pad."
28,Wireless Charging Pad,"Qi-compatible wireless charging pad for smartphones and other devices",Electronics,19.99,4.5,83,Elliot Wilson,"The LED indicator light lets me know when my device is charging. It's a simple yet useful feature."
28,Wireless Charging Pad,"Qi-compatible wireless charging pad for smartphones and other devices",Electronics,19.99,4.5,84,Alex Thompson,"The pad has a non-slip surface, so my phone stays in place while charging. I don't have to worry about it sliding off."
29,Smart Thermostat,"Wi-Fi-enabled smart thermostat for controlling home heating and cooling",Electronics,149.99,4.6,85,Emerson Hernandez,"Easy to install and set up. I can control the temperature of my home from anywhere using the app."
29,Smart Thermostat,"Wi-Fi-enabled smart thermostat for controlling home heating and cooling",Electronics,149.99,4.6,86,Avery Wilson,"The scheduling feature helps me save on energy costs. I can adjust the temperature based on my daily routine."
29,Smart Thermostat,"Wi-Fi-enabled smart thermostat for controlling home heating and cooling",Electronics,149.99,4.6,87,Ellis Thompson,"The thermostat learns my preferences over time and adjusts accordingly. It's helped me maintain a comfortable environment at home."
30,Electric Scooter,"Foldable electric scooter with long-range battery and LED lights",Sports & Outdoors,299.99,4.3,88,Ryan Hernandez,"Great for short commutes or running errands around town. It's compact and easy to carry when folded."
30,Electric Scooter,"Foldable electric scooter with long-range battery and LED lights",Sports & Outdoors,299.99,4.3,89,Harper Wilson,"The battery life is impressive. I can ride for miles on a single charge without any issues."
30,Electric Scooter,"Foldable electric scooter with long-range battery and LED lights",Sports & Outdoors,299.99,4.3,90,Kendall Thompson,"The LED lights are a nice touch for added visibility at night. I feel safer riding in low-light conditions."
31,Bluetooth FM Transmitter,"Bluetooth FM transmitter for car with dual USB ports and hands-free calling",Electronics,24.99,4.1,91,Harmony Hernandez,"Pairs easily with my phone. I can stream music and take calls while driving without distractions."
31,Bluetooth FM Transmitter,"Bluetooth FM transmitter for car with dual USB ports and hands-free calling",Electronics,24.99,4.1,92,Elias Wilson,"The sound quality is decent for listening to music or podcasts during my commute. It's a budget-friendly option."
31,Bluetooth FM Transmitter,"Bluetooth FM transmitter for car with dual USB ports and hands-free calling",Electronics,24.99,4.1,93,Ellis Thompson,"The dual USB ports allow me to charge multiple devices at once. It's convenient for long road trips."
32,Portable Power Bank,"Compact power bank with high-capacity battery for charging smartphones on the go",Electronics,39.99,4.4,94,Hunter Hernandez,"Charges my phone quickly when I'm away from an outlet. It's saved me in emergency situations."
32,Portable Power Bank,"Compact power bank with high-capacity battery for charging smartphones on the go",Electronics,39.99,4.4,95,Logan Wilson,"Slim and lightweight design makes it easy to carry in my pocket or bag. I take it with me everywhere."
32,Portable Power Bank,"Compact power bank with high-capacity battery for charging smartphones on the go",Electronics,39.99,4.4,96,Peyton Thompson,"The LED indicator lights show how much charge is remaining. It's helpful for knowing when to recharge the power bank."
33,Wireless Charging Stand,"Qi-compatible wireless charging stand for smartphones with adjustable viewing angles",Electronics,29.99,4.6,97,Kai Hernandez,"The adjustable viewing angles make it easy to see notifications while charging. It's great for using on my desk."
33,Wireless Charging Stand,"Qi-compatible wireless charging stand for smartphones with adjustable viewing angles",Electronics,29.99,4.6,98,Harper Wilson,"Charges my phone quickly and efficiently. The stand keeps my phone upright, so I can still use it while charging."
33,Wireless Charging Stand,"Qi-compatible wireless charging stand for smartphones with adjustable viewing angles",Electronics,29.99,4.6,99,Quinn Thompson,"The build quality is solid and the stand feels sturdy on my desk. It doesn't wobble or tip over."
34,Smart Doorbell,"Wireless smart doorbell with HD camera and two-way audio for home security",Electronics,129.99,4.7,100,Morgan Hernandez,"I can see and talk to visitors from anywhere using the app on my phone. It's a great security feature."
34,Smart Doorbell,"Wireless smart doorbell with HD camera and two-way audio for home security",Electronics,129.99,4.7,101,Reese Wilson,"The HD camera provides clear video footage, even at night. It gives me peace of mind knowing my home is protected."
34,Smart Doorbell,"Wireless smart doorbell with HD camera and two-way audio for home security",Electronics,129.99,4.7,102,Spencer Thompson,"Installation was straightforward. I had it set up and connected to my Wi-Fi network in just a few minutes."
35,Wireless Charging Car Mount,"Qi-compatible wireless charging car mount for smartphones with automatic clamping",Electronics,49.99,4.3,103,Alex Hernandez,"Charges my phone quickly while I'm on the road. The automatic clamping mechanism holds my phone securely in place."
35,Wireless Charging Car Mount,"Qi-compatible wireless charging car mount for smartphones with automatic clamping",Electronics,49.99,4.3,104,Cameron Wilson,"The adjustable arm allows me to position my phone at the perfect angle for navigation. It's convenient and safe to use while driving."
35,Wireless Charging Car Mount,"Qi-compatible wireless charging car mount for smartphones with automatic clamping",Electronics,49.99,4.3,105,Hunter Thompson,"The mount is sturdy and doesn't wobble or shake while driving. My phone stays in place even on bumpy roads."
36,Bluetooth FM Transmitter,"Bluetooth FM transmitter for car with hands-free calling and USB charging ports",Electronics,19.99,4.2,106,Harmony Hernandez,"Pairs easily with my phone. I can stream music and take calls while driving without any distractions."
36,Bluetooth FM Transmitter,"Bluetooth FM transmitter for car with hands-free calling and USB charging ports",Electronics,19.99,4.2,107,Elias Wilson,"The sound quality is decent for listening to music or podcasts during my commute. It's a budget-friendly option."
36,Bluetooth FM Transmitter,"Bluetooth FM transmitter for car with hands-free calling and USB charging ports",Electronics,19.99,4.2,108,Ellis Thompson,"The dual USB ports allow me to charge multiple devices at once. It's convenient for long road trips."
37,Wireless Charging Pad,"Qi-compatible wireless charging pad for smartphones and other devices",Electronics,19.99,4.5,109,Kai Hernandez,"Charges my smartphone quickly without the hassle of cables. It's convenient to just place my phone on the pad."
37,Wireless Charging Pad,"Qi-compatible wireless charging pad for smartphones and other devices",Electronics,19.99,4.5,110,Elliot Wilson,"The LED indicator light lets me know when my device is charging. It's a simple yet useful feature."
37,Wireless Charging Pad,"Qi-compatible wireless charging pad for smartphones and other devices",Electronics,19.99,4.5,111,Alex Thompson,"The pad has a non-slip surface, so my phone stays in place while charging. I don't have to worry about it sliding off."
38,Smart Thermostat,"Wi-Fi-enabled smart thermostat for controlling home heating and cooling",Electronics,149.99,4.6,112,Emerson Hernandez,"Easy to install and set up. I can control the temperature of my home from anywhere using the app."
38,Smart Thermostat,"Wi-Fi-enabled smart thermostat for controlling home heating and cooling",Electronics,149.99,4.6,113,Avery Wilson,"The scheduling feature helps me save on energy costs. I can adjust the temperature based on my daily routine."
38,Smart Thermostat,"Wi-Fi-enabled smart thermostat for controlling home heating and cooling",Electronics,149.99,4.6,114,Ellis Thompson,"The thermostat learns my preferences over time and adjusts accordingly. It's helped me maintain a comfortable environment at home."
39,Electric Scooter,"Foldable electric scooter with long-range battery and LED lights",Sports & Outdoors,299.99,4.3,115,Ryan Hernandez,"Great for short commutes or running errands around town. It's compact and easy to carry when folded."
39,Electric Scooter,"Foldable electric scooter with long-range battery and LED lights",Sports & Outdoors,299.99,4.3,116,Harper Wilson,"The battery life is impressive. I can ride for miles on a single charge without any issues."
39,Electric Scooter,"Foldable electric scooter with long-range battery and LED lights",Sports & Outdoors,299.99,4.3,117,Kendall Thompson,"The LED lights are a nice touch for added visibility at night. I feel safer riding in low-light conditions."
40,Bluetooth FM Transmitter,"Bluetooth FM transmitter for car with dual USB ports and hands-free calling",Electronics,24.99,4.1,118,Harmony Hernandez,"Pairs easily with my phone. I can stream music and take calls while driving without distractions."
40,Bluetooth FM Transmitter,"Bluetooth FM transmitter for car with dual USB ports and hands-free calling",Electronics,24.99,4.1,119,Elias Wilson,"The sound quality is decent for listening to music or podcasts during my commute. It's a budget-friendly option."
40,Bluetooth FM Transmitter,"Bluetooth FM transmitter for car with dual USB ports and hands-free calling",Electronics,24.99,4.1,120,Ellis Thompson,"The dual USB ports allow me to charge multiple devices at once. It's convenient for long road trips."
41,Portable Power Bank,"Compact power bank with high-capacity battery for charging smartphones on the go",Electronics,39.99,4.4,121,Hunter Hernandez,"Charges my phone quickly when I'm away from an outlet. It's saved me in emergency situations."
41,Portable Power Bank,"Compact power bank with high-capacity battery for charging smartphones on the go",Electronics,39.99,4.4,122,Logan Wilson,"Slim and lightweight design makes it easy to carry in my pocket or bag. I take it with me everywhere."
41,Portable Power Bank,"Compact power bank with high-capacity battery for charging smartphones on the go",Electronics,39.99,4.4,123,Peyton Thompson,"The LED indicator lights show how much charge is remaining. It's helpful for knowing when to recharge the power bank."
42,Wireless Charging Stand,"Qi-compatible wireless charging stand for smartphones with adjustable viewing angles",Electronics,29.99,4.6,124,Kai Hernandez,"The adjustable viewing angles make it easy to see notifications while charging. It's great for using on my desk."
42,Wireless Charging Stand,"Qi-compatible wireless charging stand for smartphones with adjustable viewing angles",Electronics,29.99,4.6,125,Harper Wilson,"Charges my phone quickly and efficiently. The stand keeps my phone upright, so I can still use it while charging."
42,Wireless Charging Stand,"Qi-compatible wireless charging stand for smartphones with adjustable viewing angles",Electronics,29.99,4.6,126,Quinn Thompson,"The build quality is solid and the stand feels sturdy on my desk. It doesn't wobble or tip over."
43,Smart Doorbell,"Wireless smart doorbell with HD camera and two-way audio for home security",Electronics,129.99,4.7,127,Morgan Hernandez,"I can see and talk to visitors from anywhere using the app on my phone. It's a great security feature."
43,Smart Doorbell,"Wireless smart doorbell with HD camera and two-way audio for home security",Electronics,129.99,4.7,128,Reese Wilson,"The HD camera provides clear video footage, even at night. It gives me peace of mind knowing my home is protected."
43,Smart Doorbell,"Wireless smart doorbell with HD camera and two-way audio for home security",Electronics,129.99,4.7,129,Spencer Thompson,"Installation was straightforward. I had it set up and connected to my Wi-Fi network in just a few minutes."
44,Wireless Charging Car Mount,"Qi-compatible wireless charging car mount for smartphones with automatic clamping",Electronics,49.99,4.3,130,Alex Hernandez,"Charges my phone quickly while I'm on the road. The automatic clamping mechanism holds my phone securely in place."
44,Wireless Charging Car Mount,"Qi-compatible wireless charging car mount for smartphones with automatic clamping",Electronics,49.99,4.3,131,Cameron Wilson,"The adjustable arm allows me to position my phone at the perfect angle for navigation. It's convenient and safe to use while driving."
44,Wireless Charging Car Mount,"Qi-compatible wireless charging car mount for smartphones with automatic clamping",Electronics,49.99,4.3,132,Hunter Thompson,"The mount is sturdy and doesn't wobble or shake while driving. My phone stays in place even on bumpy roads."
45,Bluetooth FM Transmitter,"Bluetooth FM transmitter for car with hands-free calling and USB charging ports",Electronics,19.99,4.2,133,Harmony Hernandez,"Pairs easily with my phone. I can stream music and take calls while driving without any distractions."
45,Bluetooth FM Transmitter,"Bluetooth FM transmitter for car with hands-free calling and USB charging ports",Electronics,19.99,4.2,134,Elias Wilson,"The sound quality is decent for listening to music or podcasts during my commute. It's a budget-friendly option."
45,Bluetooth FM Transmitter,"Bluetooth FM transmitter for car with hands-free calling and USB charging ports",Electronics,19.99,4.2,135,Ellis Thompson,"The dual USB ports allow me to charge multiple devices at once. It's convenient for long road trips."
46,Wireless Charging Pad,"Qi-compatible wireless charging pad for smartphones and other devices",Electronics,19.99,4.5,136,Kai Hernandez,"Charges my smartphone quickly without the hassle of cables. It's convenient to just place my phone on the pad."
46,Wireless Charging Pad,"Qi-compatible wireless charging pad for smartphones and other devices",Electronics,19.99,4.5,137,Elliot Wilson,"The LED indicator light lets me know when my device is charging. It's a simple yet useful feature."
46,Wireless Charging Pad,"Qi-compatible wireless charging pad for smartphones and other devices",Electronics,19.99,4.5,138,Alex Thompson,"The pad has a non-slip surface, so my phone stays in place while charging. I don't have to worry about it sliding off."
47,Smart Thermostat,"Wi-Fi-enabled smart thermostat for controlling home heating and cooling",Electronics,149.99,4.6,139,Emerson Hernandez,"Easy to install and set up. I can control the temperature of my home from anywhere using the app."
47,Smart Thermostat,"Wi-Fi-enabled smart thermostat for controlling home heating and cooling",Electronics,149.99,4.6,140,Avery Wilson,"The scheduling feature helps me save on energy costs. I can adjust the temperature based on my daily routine."
47,Smart Thermostat,"Wi-Fi-enabled smart thermostat for controlling home heating and cooling",Electronics,149.99,4.6,141,Ellis Thompson,"The thermostat learns my preferences over time and adjusts accordingly. It's helped me maintain a comfortable environment at home."
48,Electric Scooter,"Foldable electric scooter with long-range battery and LED lights",Sports & Outdoors,299.99,4.3,142,Ryan Hernandez,"Great for short commutes or running errands around town. It's compact and easy to carry when folded."
48,Electric Scooter,"Foldable electric scooter with long-range battery and LED lights",Sports & Outdoors,299.99,4.3,143,Harper Wilson,"The battery life is impressive. I can ride for miles on a single charge without any issues."
48,Electric Scooter,"Foldable electric scooter with long-range battery and LED lights",Sports & Outdoors,299.99,4.3,144,Kendall Thompson,"The LED lights are a nice touch for added visibility at night. I feel safer riding in low-light conditions."
49,Bluetooth FM Transmitter,"Bluetooth FM transmitter for car with dual USB ports and hands-free calling",Electronics,24.99,4.1,145,Harmony Hernandez,"Pairs easily with my phone. I can stream music and take calls while driving without distractions."
49,Bluetooth FM Transmitter,"Bluetooth FM transmitter for car with dual USB ports and hands-free calling",Electronics,24.99,4.1,146,Elias Wilson,"The sound quality is decent for listening to music or podcasts during my commute. It's a budget-friendly option."
49,Bluetooth FM Transmitter,"Bluetooth FM transmitter for car with dual USB ports and hands-free calling",Electronics,24.99,4.1,147,Ellis Thompson,"The dual USB ports allow me to charge multiple devices at once. It's convenient for long road trips."
50,Portable Power Bank,"Compact power bank with high-capacity battery for charging smartphones on the go",Electronics,39.99,4.4,148,Hunter Hernandez,"Charges my phone quickly when I'm away from an outlet. It's saved me in emergency situations."
50,Portable Power Bank,"Compact power bank with high-capacity battery for charging smartphones on the go",Electronics,39.99,4.4,149,Logan Wilson,"Slim and lightweight design makes it easy to carry in my pocket or bag. I take it with me everywhere."
50,Portable Power Bank,"Compact power bank with high-capacity battery for charging smartphones on the go",Electronics,39.99,4.4,150,Peyton Thompson,"The LED indicator lights show how much charge is remaining. It's helpful for knowing when to recharge the power bank."
Product ID,Product Name,Product Description,Category,Price (USD),Rating,Review ID,Reviewer Name,Review Text
51,Wireless Charging Stand,"Qi-compatible wireless charging stand for smartphones with adjustable viewing angles",Electronics,29.99,4.6,151,Kai Hernandez,"The adjustable viewing angles make it easy to see notifications while charging. It's great for using on my desk."
51,Wireless Charging Stand,"Qi-compatible wireless charging stand for smartphones with adjustable viewing angles",Electronics,29.99,4.6,152,Harper Wilson,"Charges my phone quickly and efficiently. The stand keeps my phone upright, so I can still use it while charging."
51,Wireless Charging Stand,"Qi-compatible wireless charging stand for smartphones with adjustable viewing angles",Electronics,29.99,4.6,153,Quinn Thompson,"The build quality is solid and the stand feels sturdy on my desk. It doesn't wobble or tip over."
52,Smart Doorbell,"Wireless smart doorbell with HD camera and two-way audio for home security",Electronics,129.99,4.7,154,Morgan Hernandez,"I can see and talk to visitors from anywhere using the app on my phone. It's a great security feature."
52,Smart Doorbell,"Wireless smart doorbell with HD camera and two-way audio for home security",Electronics,129.99,4.7,155,Reese Wilson,"The HD camera provides clear video footage, even at night. It gives me peace of mind knowing my home is protected."
52,Smart Doorbell,"Wireless smart doorbell with HD camera and two-way audio for home security",Electronics,129.99,4.7,156,Spencer Thompson,"Installation was straightforward. I had it set up and connected to my Wi-Fi network in just a few minutes."
53,Wireless Charging Car Mount,"Qi-compatible wireless charging car mount for smartphones with automatic clamping",Electronics,49.99,4.3,157,Alex Hernandez,"Charges my phone quickly while I'm on the road. The automatic clamping mechanism holds my phone securely in place."
53,Wireless Charging Car Mount,"Qi-compatible wireless charging car mount for smartphones with automatic clamping",Electronics,49.99,4.3,158,Cameron Wilson,"The adjustable arm allows me to position my phone at the perfect angle for navigation. It's convenient and safe to use while driving."
53,Wireless Charging Car Mount,"Qi-compatible wireless charging car mount for smartphones with automatic clamping",Electronics,49.99,4.3,159,Hunter Thompson,"The mount is sturdy and doesn't wobble or shake while driving. My phone stays in place even on bumpy roads."
54,Bluetooth FM Transmitter,"Bluetooth FM transmitter for car with hands-free calling and USB charging ports",Electronics,19.99,4.2,160,Harmony Hernandez,"Pairs easily with my phone. I can stream music and take calls while driving without any distractions."
54,Bluetooth FM Transmitter,"Bluetooth FM transmitter for car with hands-free calling and USB charging ports",Electronics,19.99,4.2,161,Elias Wilson,"The sound quality is decent for listening to music or podcasts during my commute. It's a budget-friendly option."
54,Bluetooth FM Transmitter,"Bluetooth FM transmitter for car with hands-free calling and USB charging ports",Electronics,19.99,4.2,162,Ellis Thompson,"The dual USB ports allow me to charge multiple devices at once. It's convenient for long road trips."
55,Portable Power Bank,"Compact power bank with high-capacity battery for charging smartphones on the go",Electronics,39.99,4.4,163,Hunter Hernandez,"Charges my phone quickly when I'm away from an outlet. It's saved me in emergency situations."
55,Portable Power Bank,"Compact power bank with high-capacity battery for charging smartphones on the go",Electronics,39.99,4.4,164,Logan Wilson,"Slim and lightweight design makes it easy to carry in my pocket or bag. I take it with me everywhere."
55,Portable Power Bank,"Compact power bank with high-capacity battery for charging smartphones on the go",Electronics,39.99,4.4,165,Peyton Thompson,"The LED indicator lights show how much charge is remaining. It's helpful for knowing when to recharge the power bank."
56,Bluetooth Speaker,"Portable Bluetooth speaker with 360-degree sound and water-resistant design",Electronics,79.99,4.5,166,Kai Hernandez,"The sound quality is impressive for such a compact speaker. It fills the room with rich, immersive sound."
56,Bluetooth Speaker,"Portable Bluetooth speaker with 360-degree sound and water-resistant design",Electronics,79.99,4.5,167,Harper Wilson,"I love that it's water-resistant. I can take it to the pool or beach without worrying about damage."
56,Bluetooth Speaker,"Portable Bluetooth speaker with 360-degree sound and water-resistant design",Electronics,79.99,4.5,168,Quinn Thompson,"Pairs easily with my devices via Bluetooth. I can stream music from my smartphone or tablet with no issues."
57,Smartwatch,"Fitness tracker and smartwatch with heart rate monitor and GPS functionality",Electronics,199.99,4.6,169,Morgan Hernandez,"Tracks my workouts accurately and provides useful insights into my fitness progress. It's like having a personal trainer on my wrist."
57,Smartwatch,"Fitness tracker and smartwatch with heart rate monitor and GPS functionality",Electronics,199.99,4.6,170,Reese Wilson,"The heart rate monitor is surprisingly accurate. It helps me keep track of my fitness levels throughout the day."
57,Smartwatch,"Fitness tracker and smartwatch with heart rate monitor and GPS functionality",Electronics,199.99,4.6,171,Spencer Thompson,"The GPS functionality is handy for outdoor activities like running or hiking. I can track my routes and distance with ease."
58,Wireless Earbuds,"True wireless earbuds with noise cancellation and sweat-resistant design",Electronics,129.99,4.4,172,Alex Hernandez,"The noise cancellation feature is impressive. It blocks out background noise so I can enjoy my music without distractions."
58,Wireless Earbuds,"True wireless earbuds with noise cancellation and sweat-resistant design",Electronics,129.99,4.4,173,Cameron Wilson,"I use them for workouts, and they stay in place without any issues. The sweat-resistant design is a game-changer."
58,Wireless Earbuds,"True wireless earbuds with noise cancellation and sweat-resistant design",Electronics,129.99,4.4,174,Hunter Thompson,"The sound quality is excellent. I can hear every detail in my music, even at lower volumes."
59,Smart Home Hub,"Centralized smart home hub for controlling connected devices with voice commands",Electronics,99.99,4.3,175,Kai Hernandez,"Makes controlling my smart home devices a breeze. I can use voice commands to turn on lights, adjust the thermostat, and more."
59,Smart Home Hub,"Centralized smart home hub for controlling connected devices with voice commands",Electronics,99.99,4.3,176,Harper Wilson,"Integration with popular smart home platforms like Alexa and Google Assistant is seamless. I can control everything from one hub."
59,Smart Home Hub,"Centralized smart home hub for controlling connected devices with voice commands",Electronics,99.99,4.3,177,Quinn Thompson,"Setup was straightforward, and the app is intuitive to use. I was up and running in minutes."
60,Wi-Fi Range Extender,"Dual-band Wi-Fi range extender for improving wireless coverage in home or office",Electronics,49.99,4.2,178,Alex Hernandez,"Extends the Wi-Fi coverage throughout my home. Now I have a strong signal in every room."
60,Wi-Fi Range Extender,"Dual-band Wi-Fi range extender for improving wireless coverage in home or office",Electronics,49.99,4.2,179,Cameron Wilson,"Setup was a breeze with the WPS button. I didn't even need to enter my Wi-Fi password."
60,Wi-Fi Range Extender,"Dual-band Wi-Fi range extender for improving wireless coverage in home or office",Electronics,49.99,4.2,180,Hunter Thompson,"I've noticed a significant improvement in internet speeds since installing the range extender. It's a game-changer for streaming and gaming."
Product ID,Product Name,Product Description,Category,Price (USD),Rating,Review ID,Reviewer Name,Review Text
61,Smart LED Bulb,"Smart LED light bulb with adjustable brightness and color temperature",Electronics,19.99,4.5,181,Kai Hernandez,"I love being able to adjust the brightness and color temperature from my smartphone. It's great for setting the mood in any room."
61,Smart LED Bulb,"Smart LED light bulb with adjustable brightness and color temperature",Electronics,19.99,4.5,182,Harper Wilson,"Easy to install and integrates seamlessly with my smart home ecosystem. I can control it with voice commands or through the app."
61,Smart LED Bulb,"Smart LED light bulb with adjustable brightness and color temperature",Electronics,19.99,4.5,183,Quinn Thompson,"The energy-saving features are a plus. I've noticed a difference in my electricity bill since switching to these bulbs."
62,Robot Vacuum Cleaner,"Smart robot vacuum cleaner with mapping technology and automatic recharging",Electronics,249.99,4.4,184,Morgan Hernandez,"Saves me so much time on cleaning. I can schedule it to vacuum while I'm out, and it returns to the charging dock on its own."
62,Robot Vacuum Cleaner,"Smart robot vacuum cleaner with mapping technology and automatic recharging",Electronics,249.99,4.4,185,Reese Wilson,"The mapping technology is impressive. It navigates around furniture and obstacles with ease."
62,Robot Vacuum Cleaner,"Smart robot vacuum cleaner with mapping technology and automatic recharging",Electronics,249.99,4.4,186,Spencer Thompson,"Works well on both hard floors and carpets. I'm amazed at how much dust and debris it picks up."
63,Smart Plug,"Wi-Fi-enabled smart plug for controlling devices remotely and setting schedules",Electronics,14.99,4.3,187,Alex Hernandez,"Simple to set up and works seamlessly with my smart home system. I can control devices from anywhere using the app."
63,Smart Plug,"Wi-Fi-enabled smart plug for controlling devices remotely and setting schedules",Electronics,14.99,4.3,188,Cameron Wilson,"I use these plugs to schedule lights and appliances to turn on/off automatically. It adds an extra layer of security to my home."
63,Smart Plug,"Wi-Fi-enabled smart plug for controlling devices remotely and setting schedules",Electronics,14.99,4.3,189,Hunter Thompson,"Great value for the price. I've been able to make my home smarter without breaking the bank."
64,Wireless Security Camera,"Indoor/outdoor wireless security camera with motion detection and two-way audio",Electronics,79.99,4.6,190,Kai Hernandez,"Easy to install and provides peace of mind knowing my home is monitored 24/7. The two-way audio is a useful feature."
64,Wireless Security Camera,"Indoor/outdoor wireless security camera with motion detection and two-way audio",Electronics,79.99,4.6,191,Harper Wilson,"The motion detection alerts are reliable, and I can view live footage from anywhere using the app on my phone."
64,Wireless Security Camera,"Indoor/outdoor wireless security camera with motion detection and two-way audio",Electronics,79.99,4.6,192,Quinn Thompson,"The night vision is clear, even in complete darkness. I feel safer knowing I can see what's happening outside my home at night."
65,Bluetooth Headphones,"Wireless Bluetooth headphones with noise cancellation and long battery life",Electronics,99.99,4.5,193,Morgan Hernandez,"The noise cancellation works like a charm. I can focus on my music or podcasts without being disturbed by outside noise."
65,Bluetooth Headphones,"Wireless Bluetooth headphones with noise cancellation and long battery life",Electronics,99.99,4.5,194,Reese Wilson,"Comfortable to wear for long periods, and the sound quality is excellent. I use them for both music and calls."
65,Bluetooth Headphones,"Wireless Bluetooth headphones with noise cancellation and long battery life",Electronics,99.99,4.5,195,Spencer Thompson,"The battery life is impressive. I can use them for hours without needing to recharge, perfect for long flights or commutes."
66,Smart Scale,"Bluetooth-enabled smart scale for tracking weight, BMI, and body composition",Electronics,29.99,4.4,196,Alex Hernandez,"Syncs seamlessly with my fitness app, making it easy to track my progress over time. The body composition metrics are a nice addition."
66,Smart Scale,"Bluetooth-enabled smart scale for tracking weight, BMI, and body composition",Electronics,29.99,4.4,197,Cameron Wilson,"Accurate measurements and easy to use. The large display makes it easy to see my weight and other metrics."
66,Smart Scale,"Bluetooth-enabled smart scale for tracking weight, BMI, and body composition",Electronics,29.99,4.4,198,Hunter Thompson,"Great value for a smart scale. It's helped me stay motivated on my fitness journey."
67,Wireless Keyboard and Mouse,"Compact wireless keyboard and mouse combo for desktop or laptop",Electronics,29.99,4.3,199,Kai Hernandez,"The compact design saves space on my desk, and the wireless connection is reliable. Perfect for working from home."
67,Wireless Keyboard and Mouse,"Compact wireless keyboard and mouse combo for desktop or laptop",Electronics,29.99,4.3,200,Harper Wilson,"The keys are quiet and responsive, and the mouse is comfortable to use. I've had no issues with connectivity."
67,Wireless Keyboard and Mouse,"Compact wireless keyboard and mouse combo for desktop or laptop",Electronics,29.99,4.3,201,Quinn Thompson,"Setup was a breeze, just plug in the USB receiver and start using. No drivers or complicated software required."
68,Portable Bluetooth Speaker,"Compact portable Bluetooth speaker with built-in microphone for hands-free calls",Electronics,39.99,4.2,202,Morgan Hernandez,"The sound quality is surprisingly good for such a small speaker. I use it for listening to music and taking calls."
68,Portable Bluetooth Speaker,"Compact portable Bluetooth speaker with built-in microphone for hands-free calls",Electronics,39.99,4.2,203,Reese Wilson,"Pairs easily with my devices, and the Bluetooth connection is stable. The built-in microphone works well for calls."
68,Portable Bluetooth Speaker,"Compact portable Bluetooth speaker with built-in microphone for hands-free calls",Electronics,39.99,4.2,204,Spencer Thompson,"The battery life is impressive. I can use it for hours on a single charge, perfect for outdoor gatherings or trips."
69,Action Camera,"Compact action camera with 4K video recording and waterproof housing",Electronics,149.99,4.5,205,Alex Hernandez,"The video quality is excellent, even in challenging conditions. I use it for capturing adventures while hiking and biking."
69,Action Camera,"Compact action camera with 4K video recording and waterproof housing",Electronics,149.99,4.5,206,Cameron Wilson,"The waterproof housing is a must-have for water sports. I've taken it snorkeling and the footage is crystal clear."
69,Action Camera,"Compact action camera with 4K video recording and waterproof housing",Electronics,149.99,4.5,207,Hunter Thompson,"Easy to use with intuitive controls. I was able to start recording videos right out of the box."
70,Wireless Charging Alarm Clock,"Alarm clock with wireless charging pad and LED display",Electronics,49.99,4.4,208,Kai Hernandez,"The wireless charging pad is convenient for charging my phone overnight. The alarm clock features are easy to set and use."
70,Wireless Charging Alarm Clock,"Alarm clock with wireless charging pad and LED display",Electronics,49.99,4.4,209,Harper Wilson,"The LED display is easy to read at night, and the alarm is loud enough to wake me up in the morning. It's a great addition to my bedside table."
70,Wireless Charging Alarm Clock,"Alarm clock with wireless charging pad and LED display",Electronics,49.99,4.4,210,Quinn Thompson,"I love the sleek design of this alarm clock. It looks great on my nightstand and the wireless charging pad is a game-changer."
Product ID,Product Name,Product Description,Category,Price (USD),Rating,Review ID,Reviewer Name,Review Text
71,Wireless Earbuds,"True wireless earbuds with noise cancellation and sweat-resistant design",Electronics,149.99,4.6,211,Kai Hernandez,"The noise cancellation is superb, even in noisy environments like the gym. I can focus on my workout without distractions."
71,Wireless Earbuds,"True wireless earbuds with noise cancellation and sweat-resistant design",Electronics,149.99,4.6,212,Harper Wilson,"Comfortable to wear for extended periods, and they stay in place during workouts. The sweat-resistant design is a bonus."
71,Wireless Earbuds,"True wireless earbuds with noise cancellation and sweat-resistant design",Electronics,149.99,4.6,213,Quinn Thompson,"The sound quality is excellent, with deep bass and clear highs. I use them for both music and podcasts."
72,Smart Security Camera,"Indoor/outdoor smart security camera with HD video and motion detection",Electronics,89.99,4.3,214,Morgan Hernandez,"Installation was straightforward, and the app is easy to use. I can monitor my home from anywhere with the live view feature."
72,Smart Security Camera,"Indoor/outdoor smart security camera with HD video and motion detection",Electronics,89.99,4.3,215,Reese Wilson,"The motion detection alerts are reliable, and I appreciate the option to customize sensitivity. It reduces false alarms."
72,Smart Security Camera,"Indoor/outdoor smart security camera with HD video and motion detection",Electronics,89.99,4.3,216,Spencer Thompson,"The night vision is clear, and I can see details even in low-light conditions. It's a great security camera for both day and night use."
73,Wireless Charging Dock,"Multi-device wireless charging dock for smartphones, smartwatches, and earbuds",Electronics,59.99,4.5,217,Alex Hernandez,"Convenient for charging multiple devices at once. I use it for my phone, smartwatch, and wireless earbuds without any issues."
73,Wireless Charging Dock,"Multi-device wireless charging dock for smartphones, smartwatches, and earbuds",Electronics,59.99,4.5,218,Cameron Wilson,"The compact design saves space on my desk, and the charging speeds are fast. It's a must-have accessory for anyone with multiple devices."
73,Wireless Charging Dock,"Multi-device wireless charging dock for smartphones, smartwatches, and earbuds",Electronics,59.99,4.5,219,Hunter Thompson,"I like that it keeps my devices organized while charging. No more tangled cables on my desk!"
74,Bluetooth Car Kit,"Bluetooth car kit with hands-free calling and FM transmitter",Electronics,29.99,4.2,220,Kai Hernandez,"Pairs easily with my phone, and the sound quality is decent for calls. It's a useful gadget for hands-free communication while driving."
74,Bluetooth Car Kit,"Bluetooth car kit with hands-free calling and FM transmitter",Electronics,29.99,4.2,221,Harper Wilson,"The FM transmitter works well for streaming music from my phone to the car stereo. I can also take calls without taking my hands off the wheel."
74,Bluetooth Car Kit,"Bluetooth car kit with hands-free calling and FM transmitter",Electronics,29.99,4.2,222,Quinn Thompson,"The USB charging port is convenient for keeping my phone powered on long drives. It's a simple but effective car accessory."
75,Smart Light Strip,"Smart LED light strip with customizable colors and brightness",Electronics,24.99,4.4,223,Morgan Hernandez,"Easy to install and set up with the app. I love being able to change the colors to match my mood or the occasion."
75,Smart Light Strip,"Smart LED light strip with customizable colors and brightness",Electronics,24.99,4.4,224,Reese Wilson,"The adhesive backing sticks well to surfaces, and the light strip is flexible enough to bend around corners. It's perfect for adding ambiance to any room."
75,Smart Light Strip,"Smart LED light strip with customizable colors and brightness",Electronics,24.99,4.4,225,Spencer Thompson,"Integration with voice assistants like Alexa is seamless. I can control the lights with simple voice commands, hands-free."
76,Wireless Charging Mouse Pad,"Wireless charging mouse pad with built-in charger for smartphones",Electronics,34.99,4.3,226,Alex Hernandez,"Combines two essential accessories into one. The mouse pad is smooth, and the wireless charging works flawlessly."
76,Wireless Charging Mouse Pad,"Wireless charging mouse pad with built-in charger for smartphones",Electronics,34.99,4.3,227,Cameron Wilson,"The charging pad is large enough to accommodate my phone, even with a case on. It's convenient to have on my desk."
76,Wireless Charging Mouse Pad,"Wireless charging mouse pad with built-in charger for smartphones",Electronics,34.99,4.3,228,Hunter Thompson,"The anti-slip base keeps the mouse pad in place, even during intense gaming sessions. It's a great addition to my setup."
77,Smart Door Lock,"Keyless smart door lock with fingerprint recognition and smartphone control",Electronics,149.99,4.6,229,Kai Hernandez,"I love the convenience of unlocking my door with just my fingerprint. It's much faster than fumbling for keys."
77,Smart Door Lock,"Keyless smart door lock with fingerprint recognition and smartphone control",Electronics,149.99,4.6,230,Harper Wilson,"Integration with the app is seamless, and I can remotely lock/unlock the door from anywhere. It's a game-changer for home security."
77,Smart Door Lock,"Keyless smart door lock with fingerprint recognition and smartphone control",Electronics,149.99,4.6,231,Quinn Thompson,"Installation was straightforward, and the instructions were easy to follow. I had it set up in no time."
78,Bluetooth Beanie,"Wireless Bluetooth beanie with built-in headphones for listening to music",Electronics,19.99,4.2,232,Morgan Hernandez,"Keeps my head warm in the winter while allowing me to listen to music wirelessly. The sound quality is surprisingly good for a beanie."
78,Bluetooth Beanie,"Wireless Bluetooth beanie with built-in headphones for listening to music",Electronics,19.99,4.2,233,Reese Wilson,"The beanie is comfortable to wear, and the headphones stay in place even during physical activity. Perfect for outdoor workouts."
78,Bluetooth Beanie,"Wireless Bluetooth beanie with built-in headphones for listening to music",Electronics,19.99,4.2,234,Spencer Thompson,"The Bluetooth connection is stable, and I can easily pair it with my phone. It's a fun and functional accessory for cold weather."
79,Wireless Charging Desk Lamp,"LED desk lamp with wireless charging pad and USB port",Electronics,49.99,4.4,235,Alex Hernandez,"The wireless charging pad is convenient for keeping my phone powered while I work. The lamp itself provides bright, adjustable lighting."
79,Wireless Charging Desk Lamp,"LED desk lamp with wireless charging pad and USB port",Electronics,49.99,4.4,236,Cameron Wilson,"The USB port is a nice addition for charging other devices like tablets or e-readers. The lamp has a modern design that looks great on my desk."
79,Wireless Charging Desk Lamp,"LED desk lamp with wireless charging pad and USB port",Electronics,49.99,4.4,237,Hunter Thompson,"The touch-sensitive controls are easy to use, and I like that I can adjust both the brightness and color temperature of the light."
80,Wireless Charging Mouse,"Wireless mouse with built-in charger for smartphones and ergonomic design",Electronics,29.99,4.3,238,Kai Hernandez,"The ergonomic design is comfortable to use for long periods, and the wireless charging feature is convenient. It's a great mouse for productivity."
80,Wireless Charging Mouse,"Wireless mouse with built-in charger for smartphones and ergonomic design",Electronics,29.99,4.3,239,Harper Wilson,"Pairs easily with my laptop via Bluetooth, and the rechargeable battery lasts for weeks on a single charge. It's a reliable mouse for work or gaming."
80,Wireless Charging Mouse,"Wireless mouse with built-in charger for smartphones and ergonomic design",Electronics,29.99,4.3,240,Quinn Thompson,"The built-in charger is a game-changer. I can charge my phone while using the mouse, reducing clutter on my desk."
Product ID,Product Name,Product Description,Category,Price (USD),Rating,Review ID,Reviewer Name,Review Text
81,Smart Thermostat,"Wi-Fi-enabled smart thermostat for home heating and cooling control",Electronics,129.99,4.6,241,Kai Hernandez,"I love being able to adjust the temperature from my phone. It's convenient and helps me save on energy costs."
81,Smart Thermostat,"Wi-Fi-enabled smart thermostat for home heating and cooling control",Electronics,129.99,4.6,242,Harper Wilson,"The scheduling feature is great. I can set it to lower the temperature at night and raise it in the morning without having to touch the thermostat."
81,Smart Thermostat,"Wi-Fi-enabled smart thermostat for home heating and cooling control",Electronics,129.99,4.6,243,Quinn Thompson,"Installation was straightforward, and the app walks you through the setup process step by step. I had it up and running in no time."
82,Wireless Charging Pad,"Qi-compatible wireless charging pad for smartphones and other Qi-enabled devices",Electronics,19.99,4.5,244,Morgan Hernandez,"Works great with my phone. The charging speed is fast, and the pad has a sleek design that looks good on my desk."
82,Wireless Charging Pad,"Qi-compatible wireless charging pad for smartphones and other Qi-enabled devices",Electronics,19.99,4.5,245,Reese Wilson,"I like that it's compact and doesn't take up much space. I can leave it on my desk or bedside table for easy access."
82,Wireless Charging Pad,"Qi-compatible wireless charging pad for smartphones and other Qi-enabled devices",Electronics,19.99,4.5,246,Spencer Thompson,"The anti-slip surface keeps my phone in place while charging, and the LED indicator lets me know when it's charging."
83,Bluetooth FM Transmitter,"Bluetooth FM transmitter for car with hands-free calling and USB charging ports",Electronics,24.99,4.3,247,Alex Hernandez,"The FM transmitter works well for streaming music from my phone to the car stereo. I also like that it has USB ports for charging other devices."
83,Bluetooth FM Transmitter,"Bluetooth FM transmitter for car with hands-free calling and USB charging ports",Electronics,24.99,4.3,248,Cameron Wilson,"The hands-free calling feature is convenient and works reliably. I can take calls without taking my hands off the wheel."
83,Bluetooth FM Transmitter,"Bluetooth FM transmitter for car with hands-free calling and USB charging ports",Electronics,24.99,4.3,249,Hunter Thompson,"Installation was simple, and the transmitter automatically connects to my phone when I start the car. It's a great way to add Bluetooth functionality to older vehicles."
84,Smart Plug,"Wi-Fi-enabled smart plug for controlling devices remotely and setting schedules",Electronics,12.99,4.2,250,Kai Hernandez,"I use these plugs to schedule lights and appliances to turn on/off automatically. It adds an extra layer of security to my home."
84,Smart Plug,"Wi-Fi-enabled smart plug for controlling devices remotely and setting schedules",Electronics,12.99,4.2,251,Harper Wilson,"Simple to set up and works seamlessly with my smart home system. I can control devices from anywhere using the app."
84,Smart Plug,"Wi-Fi-enabled smart plug for controlling devices remotely and setting schedules",Electronics,12.99,4.2,252,Quinn Thompson,"Great value for the price. I've been able to make my home smarter without breaking the bank."
85,Portable Power Bank,"Compact power bank with high-capacity battery for charging smartphones on the go",Electronics,29.99,4.4,253,Morgan Hernandez,"Charges my phone quickly when I'm away from an outlet. It's saved me in emergency situations."
85,Portable Power Bank,"Compact power bank with high-capacity battery for charging smartphones on the go",Electronics,29.99,4.4,254,Reese Wilson,"Slim and lightweight design makes it easy to carry in my pocket or bag. I take it with me everywhere."
85,Portable Power Bank,"Compact power bank with high-capacity battery for charging smartphones on the go",Electronics,29.99,4.4,255,Spencer Thompson,"The LED indicator lights show how much charge is remaining. It's helpful for knowing when to recharge the power bank."
86,Bluetooth Speaker,"Portable Bluetooth speaker with 360-degree sound and water-resistant design",Electronics,49.99,4.5,256,Alex Hernandez,"The sound quality is impressive for such a compact speaker. It fills the room with rich, immersive sound."
86,Bluetooth Speaker,"Portable Bluetooth speaker with 360-degree sound and water-resistant design",Electronics,49.99,4.5,257,Cameron Wilson,"I love that it's water-resistant. I can take it to the pool or beach without worrying about damage."
86,Bluetooth Speaker,"Portable Bluetooth speaker with 360-degree sound and water-resistant design",Electronics,49.99,4.5,258,Hunter Thompson,"Pairs easily with my devices via Bluetooth. I can stream music from my smartphone or tablet with no issues."
87,Smartwatch,"Fitness tracker and smartwatch with heart rate monitor and GPS functionality",Electronics,199.99,4.6,259,Kai Hernandez,"Tracks my workouts accurately and provides useful insights into my fitness progress. It's like having a personal trainer on my wrist."
87,Smartwatch,"Fitness tracker and smartwatch with heart rate monitor and GPS functionality",Electronics,199.99,4.6,260,Harper Wilson,"The heart rate monitor is surprisingly accurate. It helps me keep track of my fitness levels throughout the day."
87,Smartwatch,"Fitness tracker and smartwatch with heart rate monitor and GPS functionality",Electronics,199.99,4.6,261,Quinn Thompson,"The GPS functionality is handy for outdoor activities like running or hiking. I can track my routes and distance with ease."
88,Wireless Earbuds,"True wireless earbuds with noise cancellation and sweat-resistant design",Electronics,129.99,4.4,262,Morgan Hernandez,"The noise cancellation feature is impressive. It blocks out background noise so I can enjoy my music without distractions."
88,Wireless Earbuds,"True wireless earbuds with noise cancellation and sweat-resistant design",Electronics,129.99,4.4,263,Reese Wilson,"I use them for workouts, and they stay in place without any issues. The sweat-resistant design is a game-changer."
88,Wireless Earbuds,"True wireless earbuds with noise cancellation and sweat-resistant design",Electronics,129.99,4.4,264,Spencer Thompson,"The sound quality is excellent. I can hear every detail in my music, even at lower volumes."
89,Smart Home Hub,"Centralized smart home hub for controlling connected devices with voice commands",Electronics,99.99,4.3,265,Kai Hernandez,"Makes controlling my smart home devices a breeze. I can use voice commands to turn on lights, adjust the thermostat, and more."
89,Smart Home Hub,"Centralized smart home hub for controlling connected devices with voice commands",Electronics,99.99,4.3,266,Harper Wilson,"Integration with popular smart home platforms like Alexa and Google Assistant is seamless. I can control everything from one hub."
89,Smart Home Hub,"Centralized smart home hub for controlling connected devices with voice commands",Electronics,99.99,4.3,267,Quinn Thompson,"Setup was straightforward, and the app is intuitive to use. I was up and running in minutes."
90,Wi-Fi Range Extender,"Dual-band Wi-Fi range extender for improving wireless coverage in home or office",Electronics,49.99,4.2,268,Alex Hernandez,"Extends the Wi-Fi coverage throughout my home. Now I have a strong signal in every room."
90,Wi-Fi Range Extender,"Dual-band Wi-Fi range extender for improving wireless coverage in home or office",Electronics,49.99,4.2,269,Cameron Wilson,"Setup was a breeze with the WPS button. I didn't even need to enter my Wi-Fi password."
90,Wi-Fi Range Extender,"Dual-band Wi-Fi range extender for improving wireless coverage in home or office",Electronics,49.99,4.2,270,Hunter Thompson,"I've noticed a significant improvement in internet speeds since installing the range extender. It's a game-changer for streaming and gaming."
91,Smart LED Bulb,"Smart LED light bulb with adjustable brightness and color temperature",Electronics,19.99,4.5,271,Kai Hernandez,"I love being able to adjust the brightness and color temperature from my smartphone. It's great for setting the mood in any room."
91,Smart LED Bulb,"Smart LED light bulb with adjustable brightness and color temperature",Electronics,19.99,4.5,272,Harper Wilson,"Easy to install and integrates seamlessly with my smart home ecosystem. I can control it with voice commands or through the app."
91,Smart LED Bulb,"Smart LED light bulb with adjustable brightness and color temperature",Electronics,19.99,4.5,273,Quinn Thompson,"The energy-saving features are a plus. I've noticed a difference in my electricity bill since switching to these bulbs."
92,Robot Vacuum Cleaner,"Smart robot vacuum cleaner with mapping technology and automatic recharging",Electronics,249.99,4.4,274,Morgan Hernandez,"Saves me so much time on cleaning. I can schedule it to vacuum while I'm out, and it returns to the charging dock on its own."
92,Robot Vacuum Cleaner,"Smart robot vacuum cleaner with mapping technology and automatic recharging",Electronics,249.99,4.4,275,Reese Wilson,"The mapping technology is impressive. It navigates around furniture and obstacles with ease."
92,Robot Vacuum Cleaner,"Smart robot vacuum cleaner with mapping technology and automatic recharging",Electronics,249.99,4.4,276,Spencer Thompson,"Works well on both hard floors and carpets. I'm amazed at how much dust and debris it picks up."
93,Smart Plug,"Wi-Fi-enabled smart plug for controlling devices remotely and setting schedules",Electronics,14.99,4.3,277,Alex Hernandez,"Simple to set up and works seamlessly with my smart home system. I can control devices from anywhere using the app."
93,Smart Plug,"Wi-Fi-enabled smart plug for controlling devices remotely and setting schedules",Electronics,14.99,4.3,278,Cameron Wilson,"I use these plugs to schedule lights and appliances to turn on/off automatically. It adds an extra layer of security to my home."
93,Smart Plug,"Wi-Fi-enabled smart plug for controlling devices remotely and setting schedules",Electronics,14.99,4.3,279,Hunter Thompson,"Great value for the price. I've been able to make my home smarter without breaking the bank."
94,Wireless Security Camera,"Indoor/outdoor wireless security camera with motion detection and two-way audio",Electronics,79.99,4.6,280,Kai Hernandez,"Easy to install and provides peace of mind knowing my home is monitored 24/7. The two-way audio is a useful feature."
94,Wireless Security Camera,"Indoor/outdoor wireless security camera with motion detection and two-way audio",Electronics,79.99,4.6,281,Harper Wilson,"The motion detection alerts are reliable, and I can view live footage from anywhere using the app on my phone."
94,Wireless Security Camera,"Indoor/outdoor wireless security camera with motion detection and two-way audio",Electronics,79.99,4.6,282,Quinn Thompson,"The night vision is clear, even in complete darkness. I feel safer knowing I can see what's happening outside my home at night."
95,Bluetooth Headphones,"Wireless Bluetooth headphones with noise cancellation and long battery life",Electronics,99.99,4.5,283,Morgan Hernandez,"The noise cancellation works like a charm. I can focus on my music or podcasts without being disturbed by outside noise."
95,Bluetooth Headphones,"Wireless Bluetooth headphones with noise cancellation and long battery life",Electronics,99.99,4.5,284,Reese Wilson,"Comfortable to wear for long periods, and the sound quality is excellent. I use them for both music and calls."
95,Bluetooth Headphones,"Wireless Bluetooth headphones with noise cancellation and long battery life",Electronics,99.99,4.5,285,Spencer Thompson,"The battery life is impressive. I can use them for hours without needing to recharge, perfect for long flights or commutes."
96,Smart Scale,"Bluetooth-enabled smart scale for tracking weight, BMI, and body composition",Electronics,29.99,4.4,286,Alex Hernandez,"Syncs seamlessly with my fitness app, making it easy to track my progress over time. The body composition metrics are a nice addition."
96,Smart Scale,"Bluetooth-enabled smart scale for tracking weight, BMI, and body composition",Electronics,29.99,4.4,287,Cameron Wilson,"Accurate measurements and easy to use. The large display makes it easy to see my weight and other metrics."
96,Smart Scale,"Bluetooth-enabled smart scale for tracking weight, BMI, and body composition",Electronics,29.99,4.4,288,Hunter Thompson,"Great value for a smart scale. It's helped me stay motivated on my fitness journey."
97,Wireless Keyboard and Mouse,"Compact wireless keyboard and mouse combo for desktop or laptop",Electronics,29.99,4.3,289,Kai Hernandez,"The compact design saves space on my desk, and the wireless connection is reliable. Perfect for working from home."
97,Wireless Keyboard and Mouse,"Compact wireless keyboard and mouse combo for desktop or laptop",Electronics,29.99,4.3,290,Harper Wilson,"The keys are quiet and responsive, and the mouse is comfortable to use. I've had no issues with connectivity."
97,Wireless Keyboard and Mouse,"Compact wireless keyboard and mouse combo for desktop or laptop",Electronics,29.99,4.3,291,Quinn Thompson,"Setup was a breeze, just plug in the USB receiver and start using. No drivers or complicated software required."
98,Portable Bluetooth Speaker,"Compact portable Bluetooth speaker with built-in microphone for hands-free calls",Electronics,39.99,4.2,292,Morgan Hernandez,"The sound quality is surprisingly good for such a small speaker. I use it for listening to music and taking calls."
98,Portable Bluetooth Speaker,"Compact portable Bluetooth speaker with built-in microphone for hands-free calls",Electronics,39.99,4.2,293,Reese Wilson,"Pairs easily with my devices, and the Bluetooth connection is stable. The built-in microphone works well for calls."
98,Portable Bluetooth Speaker,"Compact portable Bluetooth speaker with built-in microphone for hands-free calls",Electronics,39.99,4.2,294,Spencer Thompson,"The battery life is impressive. I can use it for hours on a single charge, perfect for outdoor gatherings or trips."
99,Action Camera,"Compact action camera with 4K video recording and waterproof housing",Electronics,149.99,4.5,295,Alex Hernandez,"The video quality is excellent, even in challenging conditions. I use it for capturing adventures while hiking and biking."
99,Action Camera,"Compact action camera with 4K video recording and waterproof housing",Electronics,149.99,4.5,296,Cameron Wilson,"The waterproof housing is a must-have for water sports. I've taken it snorkeling and the footage is crystal clear."
99,Action Camera,"Compact action camera with 4K video recording and waterproof housing",Electronics,149.99,4.5,297,Hunter Thompson,"Easy to use with intuitive controls. I was able to start recording videos right out of the box."
100,Wireless Charging Alarm Clock,"Alarm clock with wireless charging pad and LED display",Electronics,49.99,4.4,298,Kai Hernandez,"The wireless charging pad is convenient for charging my phone overnight. The alarm clock features are easy to set and use."
100,Wireless Charging Alarm Clock,"Alarm clock with wireless charging pad and LED display",Electronics,49.99,4.4,299,Harper Wilson,"The LED display is easy to read at night, and the alarm is loud enough to wake me up in the morning. It's a great addition to my bedside table."
100,Wireless Charging Alarm Clock,"Alarm clock with wireless charging pad and LED display",Electronics,49.99,4.4,300,Quinn Thompson,"I love the sleek design of this alarm clock. It looks great on my nightstand and the wireless charging pad is a game-changer."
